Morumbi|Supermarket|Pão de Açúcar|Av. Prof. Francisco Morato, 2385 - Conj. Res. Butanta, São Paulo - SP, 05513-300
Morumbi|Supermarket|Mini Mercado Extra|Rua dos Três Irmãos, 636 - Vila Progredior, São Paulo - SP, 05615-190
Morumbi|Supermarket|St Marche Supermercado|Av. Comendador Adibo Ares, 275 - Morumbi, São Paulo - SP, 05613-000
Morumbi|Supermarket|Supermercados Mambo|Av. Giovanni Gronchi, 2799 - Morumbi, São Paulo - SP, 05651-002
Morumbi|Supermarket|Supermercado Dia|Av. Giovanni Gronchi, 3107 - Morumbi, São Paulo - SP, 03178-200
Morumbi|Hospital|Hospital Leforte|Rua dos Três Irmãos, 121 - Morumbi, São Paulo - SP, 05615-190
Morumbi|Hospital|Hospital Darcy Vargas Morumbi|R. Dr. Seráfico de Assis Carvalho, 34 - Morumbi, São Paulo - SP, 05614-040
Morumbi|Hospital|Hospital Israelita Albert Einstein|Av. Albert Einstein, 627 - Morumbi, São Paulo - SP, 05652-900
Morumbi|Education|Anhembi Morumbi|Av. Roque Petroni Júnior, 630 - Morumbi, São Paulo - State of São Paulo
Moema|Supermarket|Origen Orgânico|Av. Lavandisca, 190 - Moema, São Paulo - SP, 04515-010
Moema|Supermarket|Bendito Frio | Mercado de Ultracongelados|R. Canário, 850 - Moema, São Paulo - SP, 04521-003
Moema|Supermarket|Mini Mercado Flor Moema|Indianópolis, São Paulo - State of São Paulo, 04516-000
Moema|Supermarket|Minuto Pão de Açúcar|Alameda dos Arapanés, 685 - Moema, São Paulo - SP, 04524-001
Moema|Supermarket|Emporium São Paulo|Av. Jurema, 271 - Moema, São Paulo - SP, 04079-001
Moema|Supermarket|St. Marche - Moema Pavão|Av. Santo Amaro, 1977 - Vila Nova Conceição, São Paulo - SP, 04505-004
Moema|Supermarket|Samir Amis Empório Árabe|Alameda dos Nhambiquaras, 1020 - Moema, São Paulo - SP, 04090-001
Moema|Supermarket|DIA Supermercado|Alameda dos Nhambiquaras, 1183 - Moema, São Paulo - SP, 04090-012
Moema|Supermarket|Pão de Açúcar|Av. Ibirapuera, 3068 - Moema, São Paulo - SP, 04028-003
Moema|Supermarket|Natural da Terra|Alameda dos Nhambiquaras, 1856 - Indianópolis, São Paulo - SP, 04085-000
Moema|Supermarket|Dia Market|Av. Lavandisca, 662 - Moema, São Paulo - SP, 04515-011
Moema|Supermarket|HORTIFRUTI|Rua Tuim, 915 - Moema, São Paulo - SP, 04514-103
Moema|Supermarket|Lebanon Market Center|Alameda dos Nhambiquaras, 374 - Indianápolis, São Paulo - SP, 04090-010
Moema|Hospital|Hospital Alvorada|Av. Ministro Gabriel de. Resende Passos, 550 - Moema, São Paulo - SP, 03623-040
Moema|Hospital|Oncocenter|Av. Indianópolis, 394 - Moema, São Paulo - SP, 04062-000
Moema|Hospital|Clínica de Alergia São Paulo|Alameda dos Jurupis, 455 - Moema, São Paulo - SP, 04088-000
Moema|Education|Escola Móbile|R. Diogo Jacome, 818/848 - Vila Uberabinha, São Paulo - SP, 04512-001
Moema|Education|Consa - Colégio Franciscano Nossa Senhora Aparecida|Alameda Jauaperi, 416 - Moema, São Paulo - SP, 04523-011
Moema|Education|Escola Gaivota|R. Gaivota, 628 - Moema, São Paulo - SP, 04522-034
Moema|Education|Escola de Educação Infantil Peixinho Vermelho|Av. dos Eucaliptos, 265 - Jardim Novo Mundo, São Paulo - SP, 04517-050
Moema|Education|Brazilian International School|Av. Jurucê, 402 - Moema, São Paulo - SP, 04080-011
Moema|Education|Escola Morumbi|Alameda dos Tupiniquins, 522-546 - Moema, São Paulo - SP, 04077-001
Moema|Education|Colégio Augusto Laranja|Alameda dos Pamaris, 179 - Moema, São Paulo - SP, 04086-020
Moema|Education|CEB|Alameda dos Tupiniquins, 997 - Moema, São Paulo - SP, 04077-002
Moema|Education|Colégio Internacional Ítalo Brasileiro|Av. Jandira, 455 - Moema, São Paulo - SP, 04090-001
Moema|Education|Colégio Octagon|Alameda dos Arapanés, 1487 - Indianópolis, São Paulo - SP
Moema|Education|Villacor Berçário Educação Infantil|Av. Pavão, 246 - Moema, São Paulo - SP, 05210-000
Tatuapé|Supermarket|Pomar da Vila Tatuapé|Av. Celso Garcia, 4800 - Tatuapé, São Paulo - SP, 03064-000
Tatuapé|Supermarket|Horti Frutti|R. Vilela, 32 - Tatuapé, São Paulo - SP, 03068-000
Tatuapé|Supermarket|Supermercados Preço & Cia.|R. Tuiuti, 904 - Tatuapé, São Paulo - SP, 03081-002
Tatuapé|Supermarket|Supermercado Serradalto|R. Tuiuti, 1229 - Tatuapé, São Paulo - SP, 03081-000
Tatuapé|Supermarket|Carrefour Hipermercado|Av. Salim Farah Maluf, s/n - Tatuapé, São Paulo - SP, 03076-000
Tatuapé|Supermarket|Supermercados Mambo - Tatuapé|R. Serra de Botucatu, 1703 - Tatuapé, São Paulo - SP, 03317-001
Tatuapé|Supermarket|Sondas Supermercado Sonda|Vila Gomes Cardim, São Paulo - State of São Paulo, 03178-200
Tatuapé|Supermarket|Hirota|R. Azevedo Soares, 733 - Tatuapé, São Paulo - SP, 03322-000
Tatuapé|Supermarket|Chama Supermercados - Tatuapé|R. Emília Marengo, 140 - Tatuapé, São Paulo - SP, 03336-000
Tatuapé|Supermarket|VIP Supermercados|Rua Monte Serrat, 1520 - Tatuapé, São Paulo - SP, 03312-001
Tatuapé|Supermarket|Mercado Multibig|R. Tuiuti, 3025/3033 - Tatuapé, São Paulo - SP, 03307-000
Tatuapé|Supermarket|Swift Mercado da Carne|R. Nova Jerusalém, 516 - Tatuapé, São Paulo - SP, 03322-002
Tatuapé|Supermarket|Carrefour|Rua Apucarana, 480 - Tatuapé, São Paulo - SP, 03311-002
Tatuapé|Transport|Metro Estaçao Tatuape|R. Luís Paulino da França, 219 - Vila Prudente, São Paulo - SP, 03227-050
Tatuapé|Hospital|Hospital Municipal Doutor Carmino Caricchio|Av. Celso Garcia, 4815 - Tatuapé, São Paulo - SP, 03063-000
Tatuapé|Hospital|Portomed Tatuapé|R. Tuiuti, 1189 - Tatuapé, São Paulo - SP, 03081-000
Tatuapé|Hospital|CNTT|R. Filipe Camarão, 215 - Tatuapé, São Paulo - SP, 03065-000
Tatuapé|Hospital|Hospital Vitória Tatuapé|R. Visc. de Itaboraí, 60 - Tatuapé, São Paulo - SP, 03070-000
Tatuapé|Hospital|Clinic Care Medicina e Diagnóstico|R. Fernandes Pinheiro, 268 - Vila Azevedo, São Paulo - SP, 03308-060
Tatuapé|Hospital|Hospital Dia - Clínica Prisma|Rua Padre Estevão Pernet, 625 - Tatuapé, São Paulo - SP, 03315-000
Tatuapé|Education|E.E. Erasmo Braga|R. Maria Eugênia, 190 - Tatuapé, São Paulo - SP, 03081-030
Tatuapé|Education|E.E. Prof. João Dias da Silveira|Rua Sousa Breves, 80 - Tatuapé, São Paulo - SP, 03069-060
Tatuapé|Education|E.E. Oswaldo Catalano|R. Filipe Camarão, 350 - Tatuapé, São Paulo - SP, 03065-000
Tatuapé|Education|Colégio Conde Domingos|R. Artur Mendonça, 200 - Tatuapé, São Paulo - SP, 03067-040
Tatuapé|Education|Colégio Espírito Santo|R. Tuiuti, 1442 - Tatuapé, São Paulo - SP, 03081-012
Tatuapé|Education|CEI Tatuapé|R. Cristais, 160 - Tatuapé, São Paulo - SP, 03065-040
Tatuapé|Education|Escola Saga - Tatuapé|R. Tuiuti, 2026 - Tatuapé, São Paulo - SP, 03307-005
Tatuapé|Education|EMF General Othelo Franco|R. Jarinu, 730 - Tatuapé, São Paulo - SP, 03306-000
Tatuapé|Education|E.E. Prof. João Borges|Rua Itapura, 976 - Tatuapé, São Paulo - SP, 03310-000
Tatuapé|Education|Colégio Amorim|R. Cantagalo, 339 - Vila Gomes, São Paulo - SP, 03319-000
Tatuapé|Education|Colégio La Fontaine|R. Azevedo Soares, 318 - Tatuapé, São Paulo - SP, 03322-000
Tatuapé|Education|Escola Tutto Amore|R. Euclides Pacheco, 522 - Tatuapé, São Paulo - SP, 03321-000
Tatuapé|Education|EEI Santa Vírginia|R. Santa Virgínia, 450 - Tatuapé, São Paulo - SP, 03084-000
Tatuapé|Education|EE Professor Ascendino Reis|R. Tuiuti, 2865 - Tatuapé, São Paulo - SP, 03307-005
Tatuapé|Education|João Clímaco da Silva Kruse Prof|R. Tuiuti, 2965 - Tatuapé, São Paulo - SP, 03307-000
Tatuapé|Education|Escola de Educação Infantil Algodão Doce|R. Emílio Mallet, 1768 - Tatuapé, São Paulo - SP, 03320-001
Tatuapé|Education|Colégio Santo Antônio de Lisboa|R. Francisco Marengo, 1317 - Tatuapé, São Paulo - SP, 03313-001
Tatuapé|Education|E.E. Dr. Benedito Estevam dos Santos|R. Aguapeí, 831 - Tatuapé, São Paulo - SP, 03325-000
Tatuapé|Education|Colégio Projeção|Rua Bendiapá, 77 - Tatuapé, São Paulo - SP, 03410-010
Tatuapé|Education|Escola Estadual Blanca Zwicker Simões|R. Inspetor Mario Teixeira, 41 - Tatuapé, São Paulo - SP, 03335-100
Tatuapé|Education|E. E. Prof. Paulo Novaes de Carvalho|R. Francisco Marengo, 475 - Tatuapé, São Paulo - SP, 03313-000
Tatuapé|Education|Emei Quintino Bocaiuva|Rua Monte Serrat, 468 - Tatuapé, São Paulo - SP, 03312-000
Perdizes|Supermarket|St Marche - Perdizes Cotoxó|Rua Cotoxó, 974 - Vila Pompeia, São Paulo - SP, 05021-001
Perdizes|Supermarket|Pão de Açúcar|Av. Prof. Alfonso Bovero, 1425 - Perdizes, São Paulo - SP, 05019-011
Perdizes|Supermarket|Pão de Açúcar|Sumaré, São Paulo - State of São Paulo, 01252-020
Perdizes|Supermarket|Pão de Açúcar|R. Apiacás, 747 - Perdizes, São Paulo - SP, 05017-020
Perdizes|Supermarket|Defrost|R. Min. Ferreira Alves, 79 - Perdizes, São Paulo - SP, 05009-060
Perdizes|Supermarket|St. Marche - Perdizes Sumaré|Av. Sumaré, 721 - Perdizes, São Paulo - SP, 05016-090
Perdizes|Supermarket|Pão de Açúcar - Minuto|R. Cardoso de Almeida, 1292 - Perdizes, São Paulo - SP, 05013-001
Perdizes|Supermarket|Pastorinho Perdizes|R. João Ramalho, 650 - Perdizes, São Paulo - SP, 05008-000
Perdizes|Supermarket|Sacolão Perdizes|Rua Turiassú, 273 - Perdizes, São Paulo - SP, 05005-001
Perdizes|Supermarket|Pão de Açúcar|R. Cardoso de Almeida, 472 - Perdizes, São Paulo - SP, 05013-000
Perdizes|Supermarket|Dia Supermercado|R. Cardoso de Almeida, 112 - Perdizes, São Paulo - SP, 05013-000
Perdizes|Supermarket|Maximo Supermercados|Rua Turiassú, 620 - Água Branca, São Paulo - SP, 05005-001
Perdizes|Education|Colégio Global|Av. Prof. Alfonso Bovero, 456 - Perdizes, São Paulo - SP, 01254-000
Perdizes|Education|Escola Gato Xadrez|Rua CaiubÍ, 75 - Perdizes, São Paulo - SP, 05010-000
Perdizes|Education|Colégio São Domingos|R. Monte Alegre, 1083 - Perdizes, São Paulo - SP, 05014-001
Perdizes|Education|Colégio Pentágono|Rua CaiubÍ, 126 - Perdizes, São Paulo - SP, 05010-000
Perdizes|Education|Garatuja|R. Campevas, 432 - Perdizes, São Paulo - SP, 05016-010
Perdizes|Education|Clubinho Pequeno Cientista|R. Min. Gastão Mesquita, 492 - Perdizes, São Paulo - SP, 05012-010
Perdizes|Education|Escola Estadual Brigadeiro Faria Lima|R. Cajaíba, 420 - Perdizes, São Paulo - SP, 01257-040
Perdizes|Education|Escola Estadual José Cândido de Souza|R. Diana, 1070 - Vila Pompeia, São Paulo - SP, 05019-000
Perdizes|Education|Escola Perdizes Agnus Dei|R. Caraíbas, 891 - Perdizes, São Paulo - SP, 05020-000
Perdizes|Education|Colégio Sagrado Coração de Jesus|R. Caraíbas, 882 - Vila Pompeia, São Paulo - SP, 05020-000
Perdizes|Education|Escola Catavento - Berçário e Educação Infantil|R. Caetes, 52 - Perdizes, São Paulo - SP, 05016-080
Perdizes|Education|Colégio Batista Brasileiro|R. Dr. Homem de Melo, 537 - Perdizes, São Paulo - SP, 05007-001
Perdizes|Education|Miss Browne|R. Padre Chico, 102 - Perdizes, São Paulo - SP, 05008-010
Perdizes|Education|Pompeinha|R. Raul Pompéia, 434 - Perdizes, São Paulo - SP, 05025-010
Perdizes|Education|Gimbernau Escola de Educação Infantil|R. Caetes, 577 - Perdizes, São Paulo - SP, 03178-200
Perdizes|Education|Colégio Graphein|R. Cardoso de Almeida, 586 - Perdizes, São Paulo - SP, 05013-000
Perdizes|Hospital|Hospital Israelita Albert Einstein|R. Apiacás, 85 - Perdizes, São Paulo - SP, 05017-020
Santana|Supermarket|Pão de Açúcar|Rua Augusto Tolle, 470 - Santana, São Paulo - SP, 02405-000
Santana|Supermarket|Supermercado Dia|R. Maestro João Gomes de Araújo, 77 - Santana, São Paulo - SP, 02332-020
Santana|Supermarket|Pão de Açúcar|Av. Nova Cantareira, 240-248 - Jardim Sao Paulo, São Paulo - SP, 02330-000
Santana|Supermarket|Pão de Açúcar|Rua Augusto Tolle, 470 - Santana, São Paulo - SP, 02405-000
Santana|Supermarket|Mini Mercado Extra|R. Voluntários da Pátria, 3129 - Santana, São Paulo - SP, 02401-200
Santana|Supermarket|Dia|R. Conselheiro Moreira de Barros, 769 - Santana, São Paulo - SP, 02018-012
Santana|Supermarket|Supermercados Pastorinho|R. Conselheiro Moreira de Barros, 240 - Santana, São Paulo - SP, 02018-010
Santana|Supermarket|Dia|Alameda Afonso Schmidt, 416 - Santa Teresinha, São Paulo - SP, 02450-000
Santana|Supermarket|Super Mercado Goya|Rua Dr. Olavo Egídio, 534 - Santana, São Paulo - SP, 02037-000
Santana|Supermarket|Minuto Pão de Açúcar|R. Dr. César, 347 - Santana, São Paulo - SP, 02013-001
Santana|Supermarket|Metro Santana|R. Dr. Gabriel Piza, 489 - Santana, São Paulo - SP, 02036-011
Santana|Supermarket|Carrefour Express|R. Ezequiel Freire, 432 - Santana, São Paulo - SP, 02034-001
Santana|Supermarket|Oba Santana Pujol|R. Alfredo Pujol, 1324 - Santana, São Paulo - SP, 02017-003
Santana|Supermarket|Companhia Brasileira de Distribuição|R. Voluntários da Pátria, 2006 - Santana, São Paulo - SP, 02011-000
Santana|Supermarket|Pão de Açúcar|R. Dr. César, 1234 - Santana, São Paulo - SP, 02013-004
Santana|Supermarket|Pão de Açúcar|R. Voluntários da Pátria, 1723 - Santana, São Paulo - State of São Paulo
Santana|Transport|Metrô Carandiru|Santana, São Paulo - State of São Paulo, 02030-100
Santana|Transport|Metrô Santana|Avenida Cruzeiro do Sul, 3173 - Canindé, São Paulo - SP, 02031-200
Santana|Hospital|Hospital de Olhos de São Paulo|Av. Nova Cantareira, 126 - Santana, São Paulo - SP, 02332-020
Santana|Hospital|Medicina Hiperbarico Zona Norte|R. Voluntários da Pátria, 3693 - Santana, São Paulo - SP, 02402-300
Santana|Hospital|Hospital São Camilo|R. Voluntários da Pátria, 3693 - Santana, São Paulo - SP, 02401-300
Santana|Hospital|Hospital San Paolo|R. Voluntários da Pátria, 2786 - Santana, São Paulo - SP, 02402-100
Santana|Hospital|GreenLine Centro Médico Sant'Ana|Av. Cruzeiro do Sul, 2977 - Santana, São Paulo - SP, 02031-100
Santana|Hospital|HOSPITAL PAULISTANO|R. Voluntários da Pátria, 1793 - Santana, São Paulo - SP, 01321-001
Santana|Hospital|UBS Joaquim Antonio Eirado|Av. Braz Leme, 2945 - Santana, São Paulo - SP, 17690-789
Santana|Hospital|Centro Trasmontano São Paulo|R. Duarte de Azevedo, 331 - Santana, São Paulo - SP, 02036-021
Santana|Education|Escola Palavra Viva - Ensino Fundamental|R. Dr. Zuquim, 1872 - Santana, São Paulo - SP, 02035-022
Santana|Education|Grupo Miudinho Segmento|Rua Augusto Tolle, 334 - Santana, São Paulo - SP, 02405-000
Santana|Education|Faculdade Sumaré|Praça Domingos Correia da Cruz, 14 - Santana, São Paulo - SP, 02405-060
Santana|Education|Maple Bear Santana - Ensino Fundamental|R. Condessa Siciliano, 295 - Jardim Sao Paulo, São Paulo - SP, 02044-050
Santana|Education|Escola Infantil Bilíngüe Back Yard|Praça Dr. Antônio Mercado, 12 - Santana, São Paulo - SP, 02404-040
Santana|Education|Instituto Madre Mazzarello|Praça Domingos Correia da Cruz, 14 - Santa Terezinha - Santana, São Paulo - SP, 02405-060
Santana|Education|Centro de Educação São José|Largo de Santana, 104 - Santana, São Paulo - SP, 02402-003
Santana|Education|Escola Estadual Frontino Guimarães|R. Paulo Gonçalves, 55 - Santana, São Paulo - SP, 02403-020
Santana|Education|Colégio Objetivo Saint Lucas|R. Conselheiro Saraiva, 605 - Santana, São Paulo - SP, 02037-021
Santana|Education|Colégio ISJ Santana|R. Voluntários da Pátria, 2624 - Santana, São Paulo - SP, 02402-100
Santana|Education|Maple Bear Canadian School Santana|R. Frei Vicente do Salvador, 252 - Santana, São Paulo - SP, 02018-000
Santana|Education|E.E. Buenos Aires|Rua Dr. Olavo Egídio, 1008 - Santana, São Paulo - SP, 02037-001
Santana|Education|United Idiomas - Santana|R. Alfredo Pujol, 345 - Santana, São Paulo - SP, 02017-010
Santana|Education|Colégio Deltinha|R. Carlos Escobar, 62 - Santana, São Paulo - SP, 02013-060
Santana|Education|EMEI José Bonifácio de Andrade e Silva|R. Dr. César, 581A - Santana, São Paulo - SP, 02013-002
Santana|Education|Kumon Santana - Braz Leme|R. Benta Pereira, 237 - Santana, São Paulo - State of São Paulo
Pinheiros|Supermarket|Supermercado Padrão|R. Fernão Dias, 579 - Pinheiros, São Paulo - SP, 05427-011
Pinheiros|Supermarket|Minimercado Extra|R. Martim Carrasco, 56 - Pinheiros, São Paulo - SP, 01452-001
Pinheiros|Supermarket|Supermercado Faria Lima|R. dos Pinheiros, 1544 - Pinheiros, São Paulo - SP, 05422-002
Pinheiros|Supermarket|Mini Mercado Extra|R. dos Pinheiros, 919 - Pinheiros, São Paulo - SP, 05422-011
Pinheiros|Supermarket|Supermercados Mambo - Vila Madalena|R. Dep. Lacerda Franco, 553 - Vila Madalena, São Paulo - SP, 05418-001
Pinheiros|Supermarket|Supermercado Minuto - Pão de Açúcar|R. João Moura, 509 - Jardim Paulista, São Paulo - SP, 05412-001
Pinheiros|Supermarket|Supermercado Luzita|Rua Oscar Freire, 1833 - Pinheiros, São Paulo - SP
Pinheiros|Supermarket|Dia Brasil|R. Teodoro Sampaio, 1916 - Pinheiros, São Paulo - SP, 05406-150
Pinheiros|Supermarket|Pão de Açúcar|R. Teodoro Sampaio, 1933 - Pinheiros, São Paulo - SP, 05405-200
Pinheiros|Supermarket|Dia Market|Av. Pedroso de Morais, 619 - Pinheiros, São Paulo - SP, 05419-001
Pinheiros|Supermarket|Futurama Supermercados|R. dos Pinheiros, 1518/1536 - Pinheiros, São Paulo - SP, 05422-002
Pinheiros|Supermarket|Carrefour Express Teodoro Sampaio|R. Teodoro Sampaio, 2901 - Pinheiros, São Paulo - SP, 05405-250
Pinheiros|Supermarket|Dia|R. Teodoro Sampaio, 599 - Pinheiros, São Paulo - SP, 05405-050
Pinheiros|Supermarket|Pão de Açúcar|R. Alves Guimarães, 50 - Pinheiros, São Paulo - SP, 05410-000
Pinheiros|Transport|Estação Pinheiros Trem|Rua Capri, 145, Pinheiros, São Paulo, SP
Pinheiros|Transport|Metrô Fradique Coutinho|R. dos Pinheiros, 623, Pinheiros - São Paulo, SP
Pinheiros|Hospital|Posto de Saúde Pinheiros|R. Ferreira de Araújo, 789 - Pinheiros, São Paulo - SP, 05428-000
Pinheiros|Hospital|Hospital Jardins|R. Artur de Azevedo, 1659 - Pinheiros, São Paulo - SP, 05404-013
Pinheiros|Hospital|Uno Hospital Dia|R. Potiguar Medeiros, 111 - Pinheiros, São Paulo - SP, 05422-100
Pinheiros|Hospital|Hospital e Pronto Socorro Itamaraty|Av. Rebouças, 2274 - Pinheiros, São Paulo - SP, 05402-300
Pinheiros|Hospital|Hospital Beneficência Portuguesa São Paulo|R. Mateus Grou, 335 - Pinheiros, São Paulo - SP, 05415-050
Pinheiros|Hospital|Instituto da Criança|R. Alves Guimarães, 475 - Jardim Paulista, São Paulo - SP, 05410-001
Pinheiros|Hospital|Hospital Sancta Maggiore Pinheiros|R. Cristiano Viana, 890 - Pinheiros, São Paulo - SP, 05411-001
Pinheiros|Hospital|ITACI - Instituto de Tratamento do Câncer Infantil|Rua Galeno de Almeida, 148 - Pinheiros, São Paulo - SP, 05410-030
Pinheiros|Hospital|Instituto de Psiquiatria do Hospital das Clínicas da FMUSP|R. Dr. Ovídio Pires de Campos, 785 - Cerqueira César, São Paulo - SP, 01060-970
Pinheiros|Hospital|Hospital das Clínicas da Faculdade de Medicina da Universidade de São Paulo|R. Dr. Ovídio Pires de Campos, 255 - Cerqueira César, São Paulo - SP, 05403-000
Pinheiros|Hospital|Hospital das Clínicas Instituto do Coração|Av. Dr. Enéas de Carvalho Aguiar, 44 - Pinheiros, São Paulo - SP, 05403-900
Pinheiros|Hospital|Instituto do Câncer do Estado de São Paulo - ICESP|Av. Dr. Arnaldo, 251 - Cerqueira César, São Paulo - SP, 01246-000
Pinheiros|Education|St. Nicholas School|Rua do Emissário, 333 - Pinheiros, São Paulo - SP, 05423-180
Pinheiros|Education|Colégio Palmares|Av. Pedroso de Morais, 1341 - Pinheiros, São Paulo - SP, 05419-000
Pinheiros|Education|Perestroika|R. Fidalga, 66 - Pinheiros, São Paulo - SP, 05432-000
Pinheiros|Education|ST Nicholas Anglo Brasileira de Ensino|R. Mateus Grou, 502 - Pinheiros, São Paulo - SP, 05415-040
Pinheiros|Education|Colégio Stella Maris|Rua Cardeal Arcoverde, 1097 - Pinheiros, São Paulo - SP, 05407-001
Pinheiros|Education|The School of Life Brasil|R. Medeiros de Albuquerque, 60 - Vila Madalena, São Paulo - SP, 05436-060
Pinheiros|Education|Tiny people|R. Galeno de Almeida, 223 - Pinheiros, São Paulo - SP, 05410-030
Pinheiros|Education|All Together Bilingual School|Av. Rebouças, 2320 - Pinheiros, São Paulo - SP, 05402-300
Pinheiros|Education|Arraial das Cores|R. dos Macunis, 136 - Pinheiros, São Paulo - SP, 05444-000
Ipiranga|Supermarket|Canaverde Mercado|R. Tabor, 486 - Ipiranga, São Paulo - SP, 04202-020
Ipiranga|Supermarket|Carrefour|Rua Manifesto, 931 - Ipiranga, São Paulo - SP, 04209-000
Ipiranga|Supermarket|Minimercado Patriotas|R. dos Patriotas, 798 - Ipiranga, São Paulo - SP, 04207-030
Ipiranga|Supermarket|Supermercado Costa Aguiar|Rua Costa Aguiar, 1133 - Ipiranga, São Paulo - SP, 04204-001
Ipiranga|Supermarket|Roldão Atacadista|Rua Manifesto, 1183 - Ipiranga, São Paulo - SP, 04209-001
Ipiranga|Supermarket|Aratas|Ipiranga, São Paulo - State of São Paulo, 04210-000
Ipiranga|Supermarket|Dia Supermercado|R. Silva Bueno, 1030 - Ipiranga, São Paulo - SP, 04208-000
Ipiranga|Supermarket|Minimercado Extra|R. Bom Pastor, 1250 - Ipiranga, São Paulo - SP, 04203-001
Ipiranga|Supermarket|Hirota Supermercados|Av. Nazaré, 1299 - Ipiranga, São Paulo - SP, 04263-000
Ipiranga|Supermarket|Mercado do Velhinho Ltdaepp|R. Auriverde, 629 - Ipiranga, São Paulo - SP, 04222-001
Ipiranga|Supermarket|Dia|R. Ribeiro do Amaral, 618 - Ipiranga, São Paulo - SP, 04268-000
Ipiranga|Supermarket|Dia Brasil|Av. Dr. Gentil de Moura, 372 - Ipiranga, São Paulo - SP, 04278-000
Ipiranga|Supermarket|Dia Supermercado|R. Santa Cruz, 2106 - Ipiranga, São Paulo - SP, 04122-002
Ipiranga|Supermarket|Dia|Av. do Cursino, 840 - Ipiranga, São Paulo - SP, 04132-000
Ipiranga|Transport|Metrô Sacomã|R. Bom Pastor, 2911-2967 - Ipiranga, São Paulo - SP, 04203-053
Ipiranga|Transport|Metrô Alto do Ipiranga|Av. Dr. Gentil de Moura - Ipiranga, São Paulo - SP, 04278-080
Ipiranga|Transport|Trem Ipiranga|Ipiranga, São Paulo - State of São Paulo, 03126-000
Ipiranga|Hospital|Hospital Ipiranga|Av. Nazaré, 28 - Ipiranga, São Paulo - SP, 04262-000
Ipiranga|Hospital|Hospital da Plástica SP|R. Bom Pastor, 905 - Ipiranga, São Paulo - SP, 04203-050
Ipiranga|Hospital|HD da Rede Hora Certa Ipiranga Flavio Giannotti CEO II|R. Xavier de Almeida, 210 - Ipiranga, São Paulo - SP
Ipiranga|Hospital|Hospital Monumento|R. Lima e Silva, 985 - Ipiranga, São Paulo - SP, 03584-000
Ipiranga|Hospital|Hospital Dom Antônio de Alvarenga|Av. Nazaré, 1361 - Ipiranga, São Paulo - SP, 04263-200
Ipiranga|Education|Colégio Cene|Rua José Cocciuffo, 161 - Ipiranga, São Paulo - SP, 04121-120
Ipiranga|Education|Eepg Prof José Escobar|Rua Grenfeld, 130 - Ipiranga, São Paulo - SP, 04218-100
Ipiranga|Education|Emei Prof Milton Improta|Praça Pinheiro da Cunha, 469 - Ipiranga, São Paulo - SP, 04268-020
Ipiranga|Education|ESCOLA ESTADUAL PROFESSOR TEOTÔNIO ALVES PEREIRA|Rua Arcipreste Ezequias, 734 - Ipiranga, São Paulo - SP, 04271-060
Ipiranga|Education|Escola Estadual Visconde de Itaúna|R. Silva Bueno, 1412 - Ipiranga, São Paulo - SP, 04202-051
Ipiranga|Education|Escola SENAI Conde José Vicente de Azevedo|R. Moreira de Godói, 226 - Ipiranga, São Paulo - SP, 04266-060
Ipiranga|Education|Etec Getúlio Vargas|R. Clóvis Bueno de Azevedo, 70 - Ipiranga, São Paulo - SP, 04266-040
Ipiranga|Education|Sesi 111 Centro Educacional|R. Bom Pastor, 654 - Ipiranga, São Paulo - SP, 04203-000
Ipiranga|Education|Escola Municipal Dom Pedro I|Praça Nami Jafet, 305 - Ipiranga, São Paulo - SP, 04205-050